actual_lst,predicted_lst
38.973637,39.55168421500864
39.159092,40.338921358271804
39.159092,39.94019575769403
39.459084,39.80236958685317
39.180912,39.035552204440826
39.180912,39.87551513994512
38.922729,40.01943007817032
38.806366,40.258895277634146
39.929996,40.35420864204688
39.159092,40.34053103109065
40.100906,39.294431707208645
40.100906,40.88270456699634
39.902729,39.755355479531836
39.959091,40.39007273658514
39.180912,40.68931611372526
38.922729,39.94042051428753
39.609997,40.51790331436984
38.806366,39.992396536703545
39.929996,40.29506780601161
39.929996,39.28362872994165
40.56818,40.07671299619933
40.56818,40.23124579519793
39.902729,39.8619449204002
39.959091,41.010532494919545
39.959091,40.979714839874816
39.488182,40.57704109077165
35.920906,34.42592471882461
39.609997,40.31446398275377
39.609997,39.96344902374653
40.384537,40.29358538815858
40.384537,40.43785787135952
40.56818,40.39525323855471
40.56818,39.775230633293184
40.077274,39.79462110059002
40.015453,39.73485273121599
39.959091,40.6384205012953
39.488182,39.42362835205966
34.828182,34.42592471882461
39.717274,40.32859114639801
39.609997,39.20157906170295
40.384537,40.019426561163904
40.384537,40.40052843423469
40.326363,40.21171427574557
39.622726,39.23049659951587
40.077274,39.559938294425706
40.015453,39.42519042446873
40.015453,39.299155239245486
39.326359,39.29540274657964
36.406357,38.00858664951505
33.75182,34.54430651620689
33.75182,34.40168734862222
39.717274,38.807166030024675
39.717274,38.20742937533753
39.902725,38.105886498459874
39.902725,39.333570283211216
40.326363,40.030543270624385
39.622726,39.014645853058184
39.622726,38.6033280871281
39.224545,39.394278574924904
40.015453,39.38099263547749
39.326359,38.180675552472316
36.406357,38.43405379467665
33.960907,38.22136335985171
33.960907,34.4479457699873
39.166363,40.25634116479125
39.166363,38.24738990920334
39.902725,38.23522264334189
39.902725,39.807568593894416
39.699093,40.22683370482523
38.709995,38.5686657718231
39.622726,38.60263797233036
39.224545,39.093864456929566
39.224545,39.692992821175906
38.597271,38.26773630485458
36.937275,38.61493130845946
36.937275,38.745467129684585
33.960907,39.11000580539201
33.960907,38.50171274567255
39.166363,38.315650206714075
39.166363,38.2298255107969
39.071819,38.62240701038906
39.071819,39.52844016146703
39.699093,40.61438768772295
38.709995,38.18609964915399
38.709995,38.45574083320357
38.277267,38.086463863552154
38.277267,38.09468557977551
38.597271,38.224646582742494
36.937275,39.30305239428187
36.937275,39.261822183440145
36.517277,39.19894175144398
36.517277,38.62804375670223
38.160912,37.5415872797219
38.160912,37.942316052856285
39.071819,39.384334006980204
39.071819,39.77549060648994
39.037266,38.92808604104149
38.21727,38.761469585361155
38.21727,38.36771219695113
38.277267,38.1594545913162
38.277267,38.09519500529206
37.997272,38.26625508874109
38.500904,39.63696046671553
38.542725,39.177637888120536
38.542725,39.38597175499897
36.517277,39.78813468326567
36.517277,39.16422465631318
38.160912,38.16445205608112
38.160912,36.88750422307501
38.189999,38.731071325462615
38.189999,38.48697344521835
38.624546,37.19843777043738
38.21727,40.0768086043475
38.21727,39.926681964134964
37.817272,37.203009822517586
37.817272,37.39745462908652
37.997272,38.06823114733195
39.115456,39.15572919736342
39.115456,39.25861190779231
38.542725,39.25201149751447
38.542725,39.897878131823745
39.293636,40.01224832066076
39.293636,39.45711818257539
37.342728,38.10536164525962
37.342728,37.103769123526504
38.189999,37.80294542248128
38.189999,38.08929121335026
38.624546,37.6875042667136
38.373638,38.43534832885892
38.373638,40.06991164519821
37.817272,37.31138341600807
37.817272,37.23334746857548
37.913631,38.03559601422471
37.253635,37.84996502427741
36.65181,37.36257140250288
37.253635,37.77419625473363
37.253635,38.59239887814592
38.389999,39.99606010448438
36.864544,38.29627218128018
36.864544,37.794809970974946
37.848179,37.72524375459532
37.253635,37.96787116056836
38.389999,39.710908021678634
38.389999,39.06098373822324
37.344547,37.33786441994147
37.226368,37.722862839603444
36.864544,37.627271968015705
37.848179,37.723140228936465
37.848179,37.953725280027165
39.117271,38.54396254747193
37.344547,37.32332720413579
37.226368,37.71848282152969
37.226368,37.529977930404435
38.353634,37.8950432664713
38.353634,37.968360484438364
39.117271,39.64685298301106
37.340908,38.054628942525255
37.54818,37.92249247263634
37.54818,37.941826545587986
38.353634,37.775633355995545
38.353634,38.137515119724966
39.775455,40.33859104531438
37.700905,37.57543938872333
37.54818,38.0143179713399
37.54818,38.635346009118436
38.977272,39.28545394597595
38.977272,39.0719309943119
39.775455,41.48517728630222
40.651821,41.35844261049063
40.651821,41.32059999026519
41.539093,41.2327213310081
37.700905,38.46548347876876
38.100914,38.164816220970756
38.100914,38.31847838681251
38.977272,38.28798904368991
38.977272,38.271954871537986
40.248177,38.67760001487738
41.386368,38.46211725147621
40.651821,41.299378928278415
41.539093,41.00978476377534
41.539093,40.55063691081717
41.75,39.873068144703936
38.079086,38.69866951126644
38.100914,38.47247608691985
38.100914,38.04431989173344
39.475452,38.072441526293076
39.475452,38.38607706572677
40.248177,38.40618386250873
41.386368,38.151151829923535
41.386368,39.893803071886715
41.980907,40.280653196512844
41.980907,40.82802801070104
41.75,40.629458621499516
38.079086,38.17507035168178
38.830002,40.25909808057138
38.830002,40.753435941187135
39.475452,38.192474658818064
39.475452,38.42198096129666
39.822727,37.99740901500553
40.433636,38.385288039154666
40.433636,40.234089239419404
41.980907,40.413643290470105
41.980907,39.75187508355678
38.422726,38.20176954297026
38.830002,40.166271692096146
38.830002,40.582459329962134
39.728176,38.55890513184444
39.728176,38.344890612904585
39.479088,38.3021857960506
40.433636,38.70650031036652
40.433636,39.78575587272145
41.099094,39.76833538764423
41.099094,39.932735469927245
38.422726,37.989062449670485
39.488186,40.24969617877657
39.488186,40.72082251062302
39.820908,38.4536036111901
39.728176,38.23035269581902
39.479088,38.023291714989824
40.035454,39.01060763186606
40.035454,40.58394914073115
41.099094,39.80632096813022
41.099094,39.8011254927127
38.957272,37.45654827807892
40.160904,39.390950395516626
39.488186,40.27626540519302
39.820908,39.60592235290777
39.820908,37.51561451165128
39.602722,37.5263351166288
40.035454,38.997135866021985
40.035454,40.36746509008401
41.128181,40.05289167341704
41.128181,40.61519183007742
41.210003,40.04308916948174
38.957272,38.7586673290132
40.160904,40.13779088752486
40.160904,40.28281739958825
40.004551,37.351892805347774
39.602722,37.29120729471853
39.602722,37.99789632375279
40.395454,38.5811652530615
40.395454,40.24975065796004
41.128181,40.35625221292507
41.128181,40.452507137396104
41.210003,39.69295783354071
40.122715,39.25495540700627
40.704544,40.52643103415364
40.160904,40.333640249411964
40.004551,37.524756786798
39.773636,37.8307114478877
39.773636,38.27952895608421
40.395454,38.55389089909057
40.395454,39.42765532508693
41.855453,39.60086336389859
41.855453,40.17564488627351
41.744541,39.79806023521267
40.122715,40.354441898726236
40.704544,40.47079860572874
40.704544,40.22760135658343
40.366367,38.75637821327468
39.773636,39.1891280030546
39.773636,38.92961825453778
41.122726,39.1066683223495
41.122726,39.28315084947455
41.980911,39.73403079273832
41.855453,40.14851996731112
41.744541,41.75072269972161
40.631817,40.537515213057695
40.980907,40.2574841984362
40.704544,40.08355126706127
40.366367,38.75145489428917
40.513638,39.70041037188841
40.513638,39.406398214389014
41.762726,39.360418760330965
41.122726,39.976368820372436
41.980911,39.70801989607602
41.980911,40.06570709602277
41.839085,40.547197083358476
40.631817,39.801409146690894
40.980907,40.132071156614835
40.980907,39.33702881793336
41.322727,40.24588224498854
41.633636,39.41582569327534
40.513638,39.72090456076472
41.762726,39.90767051637093
41.762726,39.89090078479281
42.017277,40.64001180398833
41.980911,39.70718395228194
41.839085,41.946001657910124
40.375454,41.0498642119648
41.53545,40.61559161615139
41.53545,38.67078565458139
41.322727,39.79379791641098
41.633636,40.19230894114224
41.633636,39.787455805641976
42.086361,40.35142534867326
41.762726,40.960587144749
42.017277,40.19293115411695
42.017277,41.432603195168106
41.489994,40.41726715177937
40.284542,39.71352981279402
41.53545,39.942660492471475
41.53545,39.424560885896945
41.973637,39.44823539405825
41.89727,39.85113791137751
41.633636,39.72099689000022
42.086361,39.41501350112962
42.086361,41.89429121266102
41.768185,41.468667979016246
42.017277,41.12511792227325
41.489994,39.72340536962917
40.284542,39.68302952367653
41.704544,39.41504141605349
41.704544,40.93438495978815
41.973637,40.28575706211049
41.89727,39.95639525892551
41.89727,39.31528998598576
42.133633,39.13295671611754
42.086361,40.438708660046544
41.768185,41.76245539800456
41.768185,40.49690174048499
40.035454,40.376686189594345
40.424545,39.18418098352246
41.704544,39.667807917995106
41.704544,40.2084193256831
41.968182,39.580687920977425
41.839088,39.09457991599615
41.89727,40.907806593355104
42.133633,40.06592471854468
42.133633,41.084033143878784
41.439091,41.96523349786711
41.439091,41.71513567306808
40.035454,39.221950458943176
40.424545,39.4565950018434
41.273636,39.09740129699236
41.273636,39.86850501655943
41.968182,39.383494552151404
41.839088,39.214330051828895
41.839088,40.18908449131899
42.080906,40.747664171004246
42.133633,41.13275825876191
40.268181,39.884648942729015
41.273636,38.18314901609086
41.273636,38.141194790356394
41.149998,39.86173127773747
41.137276,39.22833920691692
41.137276,40.114465148230856
42.080906,40.667315127743755
40.268181,39.82842529806035
40.000908,38.129167981332415
40.000908,37.80903026805448
39.915451,39.465057309861194
41.137276,39.065095086710535
41.137276,40.55589011793458
41.840908,40.0647194769435
39.951817,39.27565742164069
39.462727,38.53501387718589
40.000908,38.127378311980685
39.915451,39.56335016709471
41.251816,38.735810482015204
41.251816,41.60843870604447
41.840908,40.45859927625334
39.951817,39.371252754745505
39.462727,38.47016056735585
39.462727,38.30413725674594
39.671818,39.11000368530067
41.251816,39.607280170928746
41.251816,39.62200221159632
41.389996,40.64974262872231
40.166363,38.92724017134087
39.560905,38.038790575649
39.462727,38.36711173615736
39.671818,39.90287317657137
41.395451,39.88846469821041
41.395451,40.55101018819806
41.389996,40.56117521031545
41.389996,40.82455381647896
40.166363,39.196778092836695
39.560905,38.11734856750578
39.560905,38.05479083442558
39.722721,39.94172112339151
41.395451,39.23917509244089
41.395451,38.89503594175264
41.990002,41.20999210596092
41.990002,40.45305313894532
40.755447,39.12168585750345
39.837276,38.7586401861154
39.560905,39.13742594560841
39.722721,38.538191019392265
41.00272,38.633842242947374
41.00272,40.03383592680912
42.104549,40.304908335752636
41.990002,40.779604613666784
40.880905,41.32621175277776
40.755447,40.46565523454257
39.837276,38.50338264446839
39.837276,38.97651808376381
39.631813,38.45808172611008
40.89909,38.62907953795835
41.00272,40.868629739161676
42.104549,40.563762512387044
42.104549,40.99757717930076
41.606358,41.34830664146282
39.837276,38.542572849549806
39.631813,38.923982650026076
40.89909,38.80157129430724
40.89909,39.484720550624715
41.744541,40.60241603181447
42.104549,40.46968978572975
40.11364,38.464079773444695
41.140911,39.524733512707215
40.89909,41.58474442201957
41.744541,39.799930416053826
37.949997,37.872250805680096
37.677269,37.52791359714847
37.171818,37.90859410293257
37.171818,37.53104719402275
36.800907,37.77338244204455
36.800907,37.49523301770038
37.204544,37.75221195803684
37.204544,37.95524842270228
37.126362,37.44545015674845
37.126362,37.15082519390111
37.817272,38.07441189542721
37.677269,37.96703128570572
37.171818,38.11341412000721
37.171818,37.60836543188189
36.999092,36.968145531209586
36.999092,37.22110524375576
37.204544,37.86142655724508
37.204544,37.95765686591765
37.382725,37.8479457226217
37.382725,37.24558738314129
37.817272,37.42300523583848
37.257275,37.591590746863446
36.889999,37.36710141253662
36.889999,37.360178856655914
36.999092,37.31346416065832
36.999092,37.93539743752223
37.71545,37.88987890232345
37.71545,37.96788956172871
37.382725,38.08228384490608
37.382725,37.78903137936753
37.56818,37.95792511391632
37.420906,37.99138753165142
36.889999,37.224617818726486
36.889999,37.57093480020104
37.35545,37.58205023628114
37.35545,37.902324106059325
37.71545,38.04597246790889
37.71545,37.75817211413239
37.664547,37.97008112951409
37.664547,38.114191819746765
37.56818,38.02384190055254
37.420906,38.17222124298304
37.093636,37.8303016352409
37.093636,37.57726828553513
37.35545,37.75397228560106
37.35545,37.91453265959962
38.110001,37.990837642228186
38.110001,37.862253125398006
37.679092,37.789277739651034
37.664547,37.96857293289995
37.833633,37.87537235327225
37.715454,37.95709307376751
37.093636,37.3887136195046
37.093636,37.4916479426174
37.599091,37.56471122851649
37.599091,38.034476451782425
37.973637,37.96494147970337
38.110001,37.72783036489261
37.679092,37.32059051658996
37.679092,37.32893977970249
37.833633,39.031274549480734
37.715454,38.48325909482473
37.202728,37.60468194133189
37.202728,37.12684296623199
37.679092,37.25025202720491
38.204544,38.41647204079496
38.028183,39.28220920611472
38.204544,37.965767442912444
38.028183,38.14067917389298
38.175453,38.03528719282427
37.553627,37.43388372765561
38.000908,37.497503132934376
37.553627,37.46638176486813
37.517273,37.92593733039802
37.382729,37.94717235295966
37.508183,37.39287785229055
37.588181,37.262764218470174
37.562729,37.41291834068727
37.26091,37.62064906892257
40.484543,40.25392928811737
40.275448,39.18458373148678
39.959091,39.20214117100571
39.869995,40.193514162536445
39.869995,40.5937314561718
38.77364,38.82407555012339
38.77364,38.77652687992198
37.840904,38.62302825490225
37.840904,37.93097797400998
37.451817,38.16521027529549
37.451817,38.051345936344525
37.517273,38.25482198605723
37.382729,37.991921640668245
37.382729,37.904065189291316
37.506363,37.77125894459585
37.506363,37.48697013692078
37.562729,37.716173058723086
37.562729,37.73603016293018
37.522728,38.19102799483927
37.522728,37.89271495437949
40.484543,40.304569670705554
40.275448,39.2830704584865
40.275448,39.48195480181432
39.597271,40.55932855070869
39.597271,40.36890719578936
38.77364,39.45587350098113
38.77364,39.65585915039047
38.088181,38.71326354782722
38.088181,38.98496755826916
37.451817,38.03666966605478
37.451817,37.965796857609284
37.869995,38.12969571641387
37.964546,37.80547668410927
37.382729,38.03709876255702
37.506363,38.10364572666745
37.506363,37.92292985592675
37.762726,38.00027662066994
37.762726,37.979506889433104
37.522728,38.19195891173337
37.522728,37.81739401105917
41.100906,40.496222645543995
40.448181,39.52855554865844
40.448181,39.35833217283915
39.597271,38.76256117191016
39.597271,38.86569584979024
38.664547,38.52218322734494
38.664547,38.247880874139256
38.088181,38.71753403628706
38.088181,39.07058264155444
38.399094,38.735784360656616
38.399094,40.62842758598116
37.869995,39.89929499765469
37.964546,39.47534967921657
37.964546,38.200436657274224
38.126362,39.14988618183441
38.126362,38.75025984037837
37.762726,38.511600942109254
37.762726,38.609179066211446
38.46273,38.853028234783096
41.100906,40.80727320858102
40.448181,39.15083665334255
40.448181,39.42873945635485
39.624542,38.82665745679542
39.624542,38.90736429099325
38.664547,38.50562229432206
38.664547,38.30451972323108
38.619091,39.106371173006515
38.619091,38.91378626569839
38.399094,40.077371202885494
38.399094,40.29400034475072
39.033634,40.61703596609225
38.73909,39.8701491179378
38.73909,38.93516035619853
38.126362,39.0600061467004
38.126362,38.49095007024721
38.257271,38.02406664700803
38.257271,38.433501124648544
38.46273,38.97561501499496
38.46273,38.9162774818177
41.689999,40.240087277975825
41.093636,40.867990678615
41.093636,40.29305812899324
39.624542,39.66669259364776
39.624542,39.66377685029903
39.28091,40.34145126467369
39.28091,39.12565076747907
38.619091,40.46302211109431
38.619091,39.96531113530448
39.113632,39.05152454664914
39.113632,39.482648389317276
39.369999,39.19134535622341
38.73909,39.048794638460926
38.73909,37.86504557160524
38.199093,37.803873301916894
38.199093,37.158856987418694
38.257271,37.36747128098652
38.257271,38.0788845418172
38.584541,38.1366020509649
38.584541,38.75170503136051
42.500908,40.25001848216477
41.093636,40.962079575748874
41.093636,41.113747569924186
40.462727,39.58008690738724
40.462727,39.871835259224206
39.28091,40.198851110672294
39.28091,40.35895217322606
39.45546,39.683270834176525
39.45546,40.37015151508396
39.166367,40.28717964889992
39.113632,39.69195212038153
39.369999,38.86422926741551
38.830002,38.43522831809111
38.830002,37.44046353207357
38.199093,37.911268175646505
38.199093,37.547675518297396
37.880905,37.7875510166945
37.880905,37.25062582060323
37.959095,38.031716012365564
38.584541,38.55167227650354
42.500908,41.03628852007754
41.826363,40.32473354070033
41.826363,40.64678756909788
40.462727,39.62383666889312
40.462727,38.972179635493575
40.306358,40.034266457400236
40.306358,40.44427373473017
40.008183,38.56162195419205
39.45546,38.24034629240082
39.166367,38.665133803454445
39.166367,38.806249865995454
39.195454,38.5770901169486
38.830002,38.30412507267774
38.830002,37.93878788734145
38.164543,37.93491949404723
38.164543,37.50046290499315
37.950001,37.87483877558719
37.880905,37.74468164646817
37.959095,38.42923621649858
37.959095,38.54246910120516
42.850002,40.519714712239896
41.826363,40.81775525840645
41.826363,40.59203188936756
41.215454,39.27084022804353
41.215454,39.742619558984615
40.959087,40.008479763580205
40.306358,40.37226626884252
40.008183,38.79512307765991
40.008183,39.63506277736056
39.266365,38.80070766880526
39.166367,38.96282881607267
39.195454,38.25454911176108
39.202721,38.45733424455823
39.202721,37.84427859375624
38.164543,37.87402256296917
38.164543,37.96074360882397
37.950001,38.03789851918455
37.950001,38.196587104711625
37.782722,38.44295102570406
37.959095,37.65630624726821
42.850002,40.83390470619549
42.375458,40.19635034222584
42.375458,41.22200472254714
41.73727,40.695685090228366
41.215454,40.256881173399
40.959087,40.82075701093129
40.959087,40.71167731351328
40.691818,40.61865898838132
40.008183,40.15933761203507
39.266365,37.9315368792437
39.313644,37.93907536069751
39.313644,38.48355683981575
39.202721,39.66631084669171
39.202721,38.673961782608046
38.615452,38.7508838869219
38.615452,38.457270240286896
38.246365,38.661763264554764
37.950001,37.56648766134872
37.782722,37.68812239406636
37.782722,37.90018693776849
43.08091,41.99005095868008
42.375458,40.52891980009362
42.375458,40.72015361906731
41.73727,40.691732083219975
41.73727,40.2700391504218
41.655453,40.4308811872158
40.959087,40.482205574431454
40.691818,40.5611500477983
40.691818,40.73724831808855
39.63364,37.89127461475597
39.313644,37.93933406265492
39.313644,39.002905129216906
39.38818,39.31009805178699
39.38818,38.785194590400785
38.753635,38.575606543104385
38.615452,38.636904703721555
38.246365,38.21998472925147
38.246365,39.579474955545926
38.124546,39.952243449514626
37.782722,38.97246042500798
43.08091,41.62985327036004
42.69363,40.88848502725989
42.69363,40.714873665642905
41.73909,40.50703591266328
41.73727,40.429869136388334
41.655453,39.703162205013165
41.655453,40.20757617262395
41.209995,39.05827892160479
40.691818,38.86185690576083
39.63364,38.46054278423944
39.140903,38.53956848774149
39.140903,38.22052707148621
38.482731,38.18539704223694
39.38818,38.14127963602105
38.753635,38.10634032525847
38.753635,38.87159678899763
38.426365,38.924723473382286
38.246365,38.6039362712426
38.124546,39.1151946625665
38.124546,39.46096106926587
43.20636,41.580931872343186
42.815456,40.86569490629057
42.69363,41.0068308424217
41.73909,40.794318490326496
41.73909,40.13915044684069
41.453636,39.76755705136279
41.655453,40.41388237330229
41.209995,39.07634635606469
41.209995,39.23671099234511
39.788177,38.52382568379247
38.475452,38.45470202737921
39.140903,37.908035995045594
38.482731,37.84420691580084
38.482731,37.764540510041634
38.549995,37.80086035360265
38.753635,38.43662480365832
38.426365,38.71764155695217
38.426365,38.42756336102889
38.56818,39.14212068950733
38.56818,40.4059393421636
38.475452,38.958088736381335
38.475452,38.261352329453395
38.213631,38.43474506233313
38.482731,38.31471123957626
38.549995,37.91849949494857
38.549995,38.56182514940968
38.702724,38.73589420630903
38.702724,39.996488059560406
38.56818,38.69973489186703
38.56818,40.793897311799924
38.437271,40.13801201269416
38.475452,38.49369419600926
38.213631,38.411832891345014
38.213631,38.78886793332406
38.668182,37.77799116412553
38.549995,38.20779989478405
38.702724,39.05446546520503
38.702724,39.602895611785456
38.815453,39.26690559985179
38.815453,40.57372102549399
38.437271,39.6804945571437
38.437271,38.521791360622764
38.640911,39.920258772200235
38.213631,39.26980011424206
38.668182,39.50911815546407
38.668182,38.587953027929764
38.94091,38.982444958756034
38.94091,39.49195156111862
38.815453,38.556259551523226
38.815453,39.91492615293211
38.928185,38.67849758371687
38.437271,38.65077528657865
38.640911,39.326909848417365
38.640911,38.44186139392579
39.099094,40.07808421143947
39.099094,38.31675984613674
38.94091,38.27326219876317
38.94091,40.21200616851726
38.93,38.47934175352092
38.93,38.78828741877105
38.928185,37.88244361236817
38.928185,38.703328448647795
39.177273,39.46085995868628
39.177273,39.488385091118225
39.099094,40.66114288362441
39.099094,40.28382051562903
39.039089,39.78456419445028
39.039089,38.56358511064085
38.93,39.19590828204436
38.93,38.03496938973964
38.964542,38.01310793513248
38.964542,38.50386076390497
39.177273,39.327076462624895
39.177273,39.410029312906886
39.41909,39.21242853027211
39.41909,37.818205725379634
39.039089,37.654051502084045
39.039089,38.24881302127187
38.393635,39.040868418898974
38.393635,39.998992707996074
38.964542,38.5310338459072
38.964542,38.82543089690136
39.420906,38.94386914587298
39.420906,38.11771762604367
39.41909,38.05740646747609
39.41909,37.88714077240148
38.184547,37.196293887399214
38.184547,37.58697166122726
38.393635,37.69253430969264
39.051815,38.69864530705006
39.051815,38.96541238099362
38.531815,38.11597762919072
38.531815,36.784825320216086
39.051815,37.974698665825834
39.051815,38.00797419746296
39.035458,38.767831339318406
39.035458,38.10280817678104
41.204544,39.918286386632914
40.702732,39.72043284696205
41.204544,39.576322091744665
40.526363,39.57773166640054
40.526363,40.46887940625913
40.266357,39.746270491121386
40.137272,39.88677213844885
39.366364,41.438666020740094
40.399094,40.5936077745008
40.137272,40.66002175885834
40.137272,41.07235551397434
40.422726,39.932101987812054
39.52272,39.26260116012352
39.913635,38.97154906927487
40.355457,39.167292617137655
40.355457,40.06048222456399
39.89727,40.793713952286204
40.137272,39.95107522720118
40.422726,39.67335856352701
40.310001,39.98685175904357
39.915455,40.320571617985664
39.52272,39.749116752267405
39.52272,38.296162433439875
39.41,38.1658449600732
40.355457,39.71735575884559
39.89727,39.840236279718106
39.89727,40.290576206000196
40.033634,39.80950996654021
40.310001,39.768116847549706
40.310001,38.58066627754384
39.868183,40.35191103913069
39.313633,39.557857894503584
39.52272,38.88138881939311
39.41,38.827665349494225
39.41,37.989174298760155
39.040905,38.14416362783502
39.040905,39.397275790061194
40.033634,39.22196997884185
39.960911,39.747722596964735
39.960911,38.90284406187359
39.868183,38.46009818071262
39.313633,39.76134754596356
39.313633,38.9134013282968
38.935455,38.30890300829714
38.935455,37.93469667305168
39.040905,38.075547919332834
39.040905,38.33715160756038
39.97728,39.24556461129579
39.960911,39.84645965017632
39.960911,39.163476699595506
39.746361,38.681037191956946
39.515446,38.46027320403115
39.515446,38.66552322945914
38.935455,39.46571868909641
38.935455,38.50810744000996
38.626362,39.369894507888944
38.626362,39.65231422533322
39.97728,40.2144473192675
39.864544,40.198245069372234
39.864544,40.2253540311289
39.551815,39.232468377222936
39.515446,39.28264038208849
39.515446,37.85677860444092
39.295444,39.587496965722096
39.295444,39.26519101562729
38.626362,38.89319257583092
38.626362,38.69365011187811
37.560905,37.41107443933667
37.619087,37.8754066030355
38.18454,39.44066841527428
37.988186,38.31378317014826
37.988186,38.09885142047928
38.064545,38.267345005936804
38.064545,38.2892322729821
38.004551,39.11266709075891
38.004551,39.0769449615261
38.022732,38.77103771787832
38.022732,38.47772423347182
37.949997,37.84648959932634
37.048183,37.164106373965666
37.048183,38.24979486237974
37.459091,38.279230421190526
37.459091,39.62461418119215
38.220913,39.25881913137365
38.189999,38.167250793875674
38.189999,38.08250098313608
38.064545,38.12268358857896
38.064545,37.99748244235855
37.908176,38.86542696594351
37.908176,39.00007022846479
38.022732,38.82527083487303
38.022732,39.03733091722872
37.817272,38.28648849298306
37.048183,37.30058473515745
37.048183,38.5539820631158
37.535454,38.179829840656474
37.535454,38.54905412361965
37.449993,38.0336042768074
38.989998,39.32060952408071
38.189999,39.15263858365658
38.189999,38.96398163316031
37.742725,38.195282345934224
37.742725,37.815705297937576
37.908176,38.05297809456604
37.908176,38.31069285270193
37.880909,38.65286067714708
37.880909,38.18502027662238
37.817272,37.836049571437954
37.289997,37.82742536527787
37.289997,38.775254262150966
37.566364,38.54370494474205
37.535454,39.46594573174441
38.989998,39.5656378086285
38.224545,39.374443403266795
38.224545,38.85667013456448
37.742725,38.02106811357846
37.742725,37.9522221269946
37.664543,37.9405578964202
37.664543,38.15702010339127
37.880909,38.46529493868255
37.880909,38.033606690914255
37.56818,37.90443326395203
37.444546,37.987849028862776
37.289997,35.86178735581852
37.566364,39.14370602549491
37.566364,38.82235289898201
39.373634,39.563279520534685
38.224545,39.62500268639153
38.224545,39.157810393038375
37.506371,38.13101850998173
37.506371,38.22085169083152
37.664543,38.15401376758382
37.664543,38.13315519754869
37.839085,38.249828931449386
37.839085,38.53559102525392
37.833633,38.52482584452935
37.444546,37.50634176839561
37.444546,37.6367280210793
37.631821,38.57992144398599
37.566364,38.90093955953661
39.373634,40.202150200879025
38.428177,39.359541045599975
38.428177,39.088794039954195
37.506371,38.383152009153676
37.506371,38.29871298559913
38.011818,38.066204957408374
38.011818,37.99362273301947
38.382725,39.00039254545252
37.839085,38.60917685625325
37.833633,38.418298248494715
37.291817,37.60590276764126
37.444546,39.249692524081176
37.631821,38.556543026205986
37.631821,38.307718418218315
39.866364,41.07525704653988
38.428177,39.545633446767894
38.428177,39.27504848584989
38.000912,39.09236555720936
38.000912,39.00649628955894
38.531818,38.05525569131363
38.011818,38.08135047037694
38.382725,38.858436185262185
38.382725,39.084714908970064
38.204544,38.1550833830638
37.291817,37.72681785168348
37.291817,37.11934333896684
36.975449,37.24640157839314
37.655453,38.188675679837296
37.655453,38.101402968701905
37.002728,38.347214908455996
37.002728,38.094440733052075
36.857269,38.554499395567504
36.857273,37.8117916654595
37.344547,37.28176894459282
39.866364,40.905481225917335
38.906361,39.144728198651435
38.906361,39.18544269018976
38.810001,38.95063870673979
38.000912,38.913753465542975
38.531818,38.04617956830995
38.531818,38.2489414162955
38.482723,38.494591313380546
38.382725,38.798401365925784
38.204544,38.60151115381662
37.291817,37.35527445736228
36.975449,37.33839924741657
37.262726,38.119395926858715
37.262726,38.27541037886429
37.031818,38.394169504718484
37.002728,37.702927500603074
36.857269,37.662217116972215
36.857269,38.098085866467265
37.340908,37.28528128178516
40.03545,40.585586134614246
39.48455,39.6735233135944
38.906361,39.94172454703113
38.810001,38.981113878584544
38.810001,39.197268281707835
38.480907,37.91921998827158
38.531818,38.09473295726953
38.482723,38.29195151066053
38.482723,38.53720775256314
38.175453,38.17607460733619
36.928181,37.358750530836325
36.466366,37.3883697932142
36.882725,38.217545790431686
37.262726,39.142129132970304
37.031818,39.14113497180293
37.031818,37.59044581020236
37.339085,37.4119344198943
36.857269,37.80669697385536
37.340908,37.827805138133975
40.03545,40.532838764022145
39.48455,39.868535837511786
39.48455,39.14528186024059
39.462727,39.11164634384162
38.810001,39.258866693883306
38.480907,37.98112124260603
38.480907,38.23829792789764
38.035458,38.00389791393389
38.482723,37.91581281850665
38.175453,38.12555570907466
36.775452,37.286347169455
36.466366,37.35580943051488
36.882725,37.916620450009866
36.882725,38.21553400446005
37.129997,38.59532410027665
37.031818,37.38220835779846
37.339085,38.383475326069814
37.339085,38.42951752649361
37.700905,38.074546265465955
40.015453,39.63125157628481
39.959091,38.2976116523848
39.48455,40.145402134722254
39.462727,40.17546617319642
39.462727,40.28277898818434
38.69545,39.465475398184026
38.480907,38.7813939444026
38.035458,38.72077684698733
38.035458,38.25127792444047
37.553627,37.18834548159215
36.775452,37.535132862870604
36.775452,37.45598113645741
36.262726,37.35166487679592
36.72636,37.73155297624805
36.882725,38.18996984271663
37.129997,37.59029378288448
37.129997,37.568221346142906
37.862728,38.34937317107079
37.862728,38.6011716413797
37.700905,38.908572840236175
40.015453,39.64924551489741
39.959091,39.970778612022734
39.959091,40.02369340141019
39.869995,39.923627710356904
39.462727,39.711228962006416
38.69545,38.67903012201086
38.69545,38.45246419760245
37.840904,38.370035232400234
37.840904,37.37097008252966
37.553627,37.17990355787746
37.320911,37.37293814951092
37.320911,37.41138737035979
36.262726,37.45697624176205
36.72636,38.26656061079206
36.72636,38.67056448990019
37.555454,37.314999524093594
37.129997,37.25813044665814
37.862728,37.40485348922637
37.862728,38.056546899361905
38.079086,38.33240902746465
37.320911,37.17336308531927
36.753639,38.65798548249031
37.097267,38.65359471917515
36.72636,38.34782446451922
37.555454,37.939012145304105
37.555454,38.01500800038289
38.213638,37.76957193419563
38.213638,38.28475393924536
38.079086,38.03480957049148
37.891811,37.21373864196332
37.891811,38.312128343573086
36.753639,38.15277925615176
37.097267,38.65559540471173
37.097267,38.346433554963056
38.022724,37.93475288867904
38.022724,38.15065516494194
38.213638,39.17839049070056
38.213638,38.253935867382495
38.422726,38.43084310015172
37.891811,38.872639728060584
37.257275,39.20149867712726
37.735455,38.633113324120934
37.735455,38.15583985586691
38.022724,38.251432208878086
38.022724,37.72970650367357
38.359089,38.03115653307487
38.359089,38.12752932901076
38.422726,38.025124685697286
38.491817,38.62210309800373
38.491817,38.265272136968846
37.679089,38.31646475218775
37.735455,37.85079086059233
37.735455,38.270565475388985
38.242722,39.21127113778755
38.242722,39.36511069960919
38.359089,38.23521318311691
38.359089,37.283387382789954
38.957272,37.369876059197765
38.41,38.82605872475517
38.491817,38.80494678791599
37.679089,38.576907397568654
38.048183,37.765650979157044
38.048183,38.7042114288871
38.242722,38.54396138730762
38.242722,38.58442233061303
38.720909,38.984488350920905
38.720909,38.348588600302364
40.122715,39.06950106312128
38.41,39.62735179267927
38.41,39.62291882243415
37.911816,38.89073090616126
38.048183,38.67188643224314
38.048183,38.734871142256516
38.397274,38.50384127305362
38.397274,38.55922649815548
38.720909,39.13570422883803
38.720909,38.75260289196516
40.122715,40.14705966842627
37.975452,39.08698534386108
38.41,39.37901511739041
37.911816,39.17283791853044
38.06636,37.44778036050611
38.06636,37.42612724428869
38.397274,37.354060281683736
38.397274,37.40002918931988
39.162727,39.04154983956374
39.162727,38.28435280475326
40.631817,39.37653231563866
37.975452,38.55872522915039
37.975452,39.19320156848553
37.773636,39.16477800976514
38.06636,37.51750774613507
38.06636,37.560650108082186
38.346359,37.545205011017785
38.346359,37.54960783432469
38.924541,38.954620996848234
39.162727,39.13825388763223
40.631817,40.18620003534849
37.917271,39.17605777099205
37.975452,39.25834436508172
37.773636,39.47434112043603
37.817276,39.25766961169354
37.817276,39.125249112152545
38.075455,38.04980879499259
38.346359,37.904244029475215
38.924541,38.84704301771118
38.924541,38.84288665950015
40.375454,40.13820914385702
37.917271,39.2849495865465
37.917271,39.61159661216899
37.891819,39.367721462601146
37.855453,39.080766328308876
37.817276,38.63573386623644
38.075455,38.27763904835341
38.075455,38.15461238930762
38.722721,38.913043153617956
38.924541,38.943335067296566
40.375454,40.505913028082105
38.482723,40.299839320598934
38.482723,40.40815132477657
37.891819,40.149326659352624
37.855453,40.7808895993673
37.855453,37.131680237114985
38.184547,38.423603328984306
38.075455,38.8282108941104
38.722721,39.06267621208538
38.722721,38.67116994009965
40.284542,40.08627743758693
38.482723,40.441869865207856
38.482723,40.01996765089379
38.859097,40.37333471764927
38.369999,38.42006608612023
37.855453,39.03218620976566
38.184547,38.792560354726454
38.184547,38.797770678543905
39.04636,38.85936211903463
38.722721,38.834548223217425
40.284542,39.78404655271206
38.973637,39.62332116731648
38.922729,38.88877577062489
38.922729,39.30426415862076
39.488182,39.680970390540004
38.979092,39.826451421251804
39.488182,39.523428384015325
38.979092,39.90996873863326
38.979092,39.70503925466935
39.326359,38.09900273976305
38.702724,38.583280318944645
38.702724,38.44715141252872
38.709995,40.30498736860776
38.597271,38.055797234628244
38.702724,38.36424165117892
38.702724,38.45234315481405
38.282726,39.714745286827146
38.597271,38.224919051099626
38.200909,38.65616480672454
38.200909,38.71146995936961
38.282726,40.0276496497961
37.997272,38.10240323871884
38.200909,38.25935621449617
38.200909,38.785055001640316
37.955452,40.0026452203967
37.997272,38.24028927468559
37.844543,38.32663062657141
37.913631,38.09559241994378
38.675449,39.968345424896064
39.115456,40.022740010628866
39.115456,40.022740010628866
39.802727,40.071547570614314
39.802727,39.429630993844036
39.293636,38.95426522441864
39.293636,38.725652089761155
40.262722,39.437295610002586
39.713634,39.304570796113744
39.864544,39.185399769152625
39.551815,38.95375129438466
39.244541,39.71405490823647
39.244541,38.758404374852944
39.295444,37.47114371561232
39.295444,39.247177484390335
38.959091,39.840277534346136
38.959091,38.3234363140012
37.710003,39.71316359140805
37.710003,39.26515433201903
38.675449,39.085514695926456
38.675449,39.9940017414622
39.691818,39.99809306079553
39.691818,40.07361900513811
39.802727,40.01807431833522
39.802727,38.94895868256103
40.235455,39.05851660830899
40.235455,38.98523891714122
40.262722,39.2396086992452
39.713634,39.15220687328063
39.713634,39.08980386468947
39.197273,38.41934844945663
39.244541,37.99892778155398
39.244541,38.435268937923816
39.40818,38.161978026350205
39.40818,40.14041143205642
38.959091,39.9930018608443
38.959091,38.88338551421376
37.159092,39.291539452459496
37.710003,39.700875290696395
37.710003,39.39521200449654
39.002724,39.10091879553757
39.002724,38.556097303302046
39.691818,39.89944146690392
39.691818,39.09785865975662
40.202728,39.138633874983206
40.202728,39.317200685958795
40.324543,40.18283798738726
40.235455,40.37726292410161
39.72818,38.050320209632645
39.126362,38.20817897864493
39.713634,39.67121153296386
39.197273,37.57644288001713
38.413631,37.77026642638061
38.413631,38.13060211719458
39.40818,38.0561983528927
39.40818,40.61928372348708
39.41909,40.696563618066826
39.41909,39.648373879430096
37.159092,39.13534834071745
37.648178,39.78616572520083
37.648178,39.43262166524389
39.002724,39.12256474474127
39.002724,39.19864582335579
39.526363,40.02977624359571
39.526363,41.067674175048055
40.202728,40.80827619334634
40.202728,40.23112737993302
40.324543,39.97741855392507
40.324543,39.34614886060459
39.72818,37.98821019842822
39.126362,39.10995517955441
39.126362,39.82744235619612
38.449997,37.82919771061173
38.413631,37.67447477587534
38.413631,37.95219594456537
39.053635,37.607589023656324
39.053635,38.97977266341906
39.691818,40.98824153416502
39.41909,40.020745017343025
37.648178,39.43262166524389
37.648178,39.17184244129682
38.646358,39.15379476122142
38.646358,39.76042253687396
39.526363,39.844638824244385
39.526363,40.00479993597582
39.80455,39.93031129610652
39.80455,40.96404394214114
40.171818,40.298596775693944
40.324543,39.373561334554125
38.855453,38.40623496701344
38.502724,38.23691248946413
39.126362,38.41572790286922
38.449997,37.639038244668306
37.646362,37.63142681641583
37.646362,37.890275255574764
38.382729,38.093781636926416
39.053635,39.788525678288906
39.691818,40.12323273105269
39.691818,39.61856670530317
37.568176,39.45173142036294
37.568176,39.73395864217258
38.646358,39.780735267954796
38.646358,38.86481669067774
39.062729,38.86481669067774
39.062729,39.0835061933349
39.666359,40.50785482210691
39.80455,40.999054888223704
40.171818,40.35695542621526
40.171818,38.712789910533104
38.855453,38.28099437207503
38.502724,38.126422082836484
38.502724,38.31934247007025
37.642731,37.72628766968748
37.048183,37.359892126380565
37.646362,37.47134866893541
38.382729,37.76568365189452
38.382729,39.30810595070962
39.160904,38.247415591986716
39.691818,38.93275978091602
37.568176,39.59420414875159
37.568176,39.683338176479104
38.495457,39.78614438916634
38.495457,39.73450274881509
39.231815,39.073375200550785
39.062729,39.546039848130235
39.666359,39.58240848119538
39.666359,39.53420228320696
40.162724,38.83118977897406
40.171818,40.2393635721276
37.820908,37.846058420627976
37.622726,37.690326830606516
37.622726,37.67517634332214
37.642731,37.36343316874387
37.048183,37.194937474242714
37.048183,37.554259534360746
37.864548,37.525306169269975
38.382729,38.83290219670504
39.160904,39.788672372764985
39.160904,39.126720561955956
38.135452,39.17495059704286
38.135452,39.58049154365395
39.093636,39.775051001510356
38.495457,39.775051001510356
39.231815,39.77114891885162
39.231815,39.82359362407989
40.120907,39.86014405582806
39.666359,40.371217867668705
40.162724,40.54173005224318
40.162724,40.61275731969627
37.820908,37.489214611423655
37.622726,37.511186204636346
36.973637,37.50189872986539
36.973637,37.26820120094615
36.760906,37.25515908508096
37.048183,37.77885888743284
37.864548,38.06315251090164
37.864548,38.81860694584842
38.406364,39.08065246315659
39.160904,38.45461631566409
38.135452,39.689483795118
38.135452,39.13197094220158
39.093636,39.77008232648257
39.093636,39.89733026025016
39.869999,40.310629789555406
39.231815,40.73933441004523
40.120907,40.94069823730896
40.120907,41.08467652939868
40.120907,41.32042281596203
40.120907,40.5918445658545
37.422726,38.432457764192876
37.353638,38.02143088710597
36.673637,37.54649975121692
36.973637,37.048699702295444
36.760906,37.37360579498401
36.760906,37.56944399020528
37.262722,37.335297412136015
37.864548,37.515711188082875
38.406364,37.811483155599376
38.406364,37.824627070424064
38.686363,39.635256115647095
39.422726,39.712846990843225
39.093636,40.23521165947237
39.869999,40.04283972287569
39.869999,40.48025928056651
40.364544,41.100264311143356
40.120907,41.39751136492767
40.120907,41.225018694995214
40.120907,39.773244838004445
37.651817,37.84834631170265
37.353638,38.351866596465136
36.673637,37.89425392910481
36.673637,37.149696378183165
36.639088,37.38815005318615
36.760906,37.558965027881754
37.262722,37.369578513346895
37.262722,37.598566105285315
37.499088,37.28487340036521
37.499088,37.85300686234727
38.686363,41.28526424049683
39.422726,39.985827086269076
39.422726,41.29824407498644
39.842728,41.408942758965146
39.869999,39.98771995516395
40.364544,41.05373273786125
40.364544,41.02355389301836
39.900906,41.53327173994988
39.900906,39.14468738598996
37.651817,38.6759405053655
37.624538,39.31772661233087
36.964542,38.13698986429266
36.673637,37.835164669273325
36.639088,37.59634363520954
36.639088,37.41290032474364
36.884544,37.504455575626444
36.884544,37.275098847920745
37.499088,37.33412298162242
37.499088,37.617480671237146
39.455448,41.00455900440993
39.422726,41.35350846805824
39.842728,41.44382849465875
39.842728,40.035807857898014
40.168179,41.22998450974536
40.168179,41.111754863613164
39.900906,41.59860865934316
39.900906,40.29644744063563
37.949997,38.67645804534825
37.624538,38.000229941610726
36.964542,38.04366263463627
36.964542,38.57214743898835
36.800907,38.38918896102419
36.800907,37.318962780534754
36.884544,37.48647963398797
36.884544,38.14371447033997
37.126362,37.50852368118131
37.126362,37.274203659867254
39.455448,39.825951671457936
39.455448,40.761390100454285
39.506363,40.342565014924915
39.506363,38.707408593139526
40.168179,40.2685855441161
40.168179,41.530610978325875
39.540901,41.3870400563978
39.540901,38.78398849452555
39.557274,41.292165675269835
39.506363,40.02533719543706
39.506363,38.47694652891258
39.951817,39.97319357128014
39.951817,41.554478414766955
39.540901,41.60986507519372
39.540901,38.82934547809895
39.557274,40.310009782627716
39.557274,39.940031769113354
39.173634,39.93026963557344
39.173634,38.892269658017355
39.951817,39.30128019668666
39.951817,40.48359001732717
39.735455,39.87130861349316
39.735455,38.673880681617774
39.429996,40.14558092752181
39.429996,40.819148215136934
39.173634,40.83525839327943
39.173634,38.69162365345286
39.982727,41.061146235017816
39.982727,40.28036235431411
39.735455,40.44219075212814
39.735455,39.03635196112567
39.429996,39.90832522826818
39.429996,39.848031702677524
39.32637,39.79395558971925
39.32637,40.44775575949642
39.982727,40.74125692783551
39.982727,41.75979616854557
40.290005,41.92817693957283
40.290005,39.14860083397869
39.479088,39.90715308722513
39.479088,39.79082875601528
39.32637,39.740442659909014
39.32637,40.374629767266235
40.502731,40.419395533088
40.502731,41.45996995368602
40.72818,41.815353714193655
40.290005,39.58883869958046
40.937271,39.88358114645927
39.479088,39.4107700337677
39.479088,38.87282181129259
39.802723,39.384669537565884
39.802723,39.38048100654558
40.922726,40.618417353193095
40.502731,41.50482500093558
40.72818,41.79841589080615
40.72818,40.78364698176835
39.582729,39.88324491537594
39.582729,39.18487249972389
39.944546,39.36612736535594
39.802723,40.332743179147286
40.922726,41.212261040951766
40.922726,41.298043944496996
41.135452,41.957966128830705
40.72818,41.44389385937644
39.582729,41.50416486630825
39.944546,41.30652621078972
39.944546,41.27784343321876
40.980904,40.69757803413108
40.922726,40.628887881569035
41.135452,41.084829619683184
41.135452,41.0760403415994
40.608177,41.39075503767282
39.944546,41.089472823042996
40.980904,40.89225026207678
40.980904,41.34772255941017
40.955452,41.394659154232265
40.03545,40.3760243505292
40.608177,40.41894369355008
40.608177,39.989993777482574
41.028179,41.67335024015441
40.980904,41.1760550898148
40.955452,41.293754696601525
40.015453,40.24359950234371
41.01363,41.84251652100417
40.608177,39.82205030238217
41.028179,41.598961504107336
41.028179,39.00165590156236
40.859085,41.0460732020951
40.484543,40.13747493348202
41.01363,41.370327815979536
41.01363,41.51382426027147
40.895454,41.650848520868394
40.895454,40.93539713111081
40.859085,41.25321824964153
40.484543,41.06991841831619
40.913635,41.36483025432047
40.913635,41.01093545294413
40.895454,41.12023606417312
40.895454,41.58291712275698
41.353642,41.44714056807609
41.100906,41.03007158531525
40.913635,39.67325016482408
40.913635,41.70504792932499
41.159092,40.6914360973716
41.159092,41.389277682225504
41.353642,38.91400954509577
41.100906,40.39555754330093
40.713631,40.95093586553443
40.713631,41.92633204256482
41.159092,41.4590484216312
41.159092,41.57935276984599
41.886364,41.729717219088634
41.689999,40.62002910500121
40.713631,41.25498296951876
41.368179,41.11019810482569
41.368179,41.35010615955763
41.886364,41.64111929046442
41.689999,40.08079155914423
41.035454,41.206144525812405
41.368179,41.341426416622134
41.368179,41.42895315852421
42.268181,41.45455310960764
42.500908,40.16310157093006
41.035454,41.745894195082954
41.751816,40.798530149346995
41.751816,40.786174288895126
42.908176,41.31578739156308
42.500908,41.57614751465715
41.439083,41.23902535723039
41.95364,40.587236107187024
41.751816,40.4551998858328
42.908176,41.428335026521225
42.850002,41.47085564858655
41.439083,41.690181186258826
41.95364,41.21040992863703
41.95364,41.66022618206222
43.060909,41.49151905234179
42.850002,42.2391056238901
41.557274,41.37475058917981
41.988178,41.34585888143422
41.95364,41.532817960182875
43.060909,42.0441013729864
43.08091,41.42646391867099
41.988178,41.399880102753876
41.988178,41.42900522025471
42.962723,41.332325932211525
43.08091,40.90849612761023
41.988178,41.47917936452718
42.962723,41.87700346809968
43.20636,41.74683637725117
41.72636,39.62557815652028
41.72636,39.67960657792157
41.204544,39.92168977462012
39.760914,39.06887656430855
41.546364,39.391134255403216
41.72636,39.76737256353194
41.72636,39.50645729965481
41.204544,40.06565366437806
39.760914,39.3929376730213
39.760914,39.265825050789424
40.713638,39.31799881555246
40.713638,39.226912496132734
40.610001,39.240598414760555
41.546364,39.934920173111486
40.826366,39.739251429655134
40.826366,39.7314160163855
40.526363,39.4119214207127
37.626362,38.532851790713806
37.626362,39.81105531259478
38.851818,39.86485878081754
40.713638,38.08828903376344
40.713638,38.43076100900716
40.610001,39.13915289762039
40.610001,39.23018194439924
40.542725,40.02976421877124
40.826366,39.937243154628845
40.526363,39.53178251041641
35.920906,38.12783722183266
37.626362,38.79800019666289
38.851818,38.79228986394477
39.530003,38.759450142626626
39.530003,39.20259006395852
39.824551,39.03766719687744
40.610001,39.501623579095444
40.542725,41.5103321276063
40.542725,39.68049043354297
40.399094,40.38269901914679
35.920906,36.97929399740297
35.920906,37.95752228423614
37.464542,38.49102905990967
38.379086,39.04423045179314
39.530003,39.55295930936797
39.824551,40.817091112538264
39.824551,40.98391002530014
40.23909,40.04212880502229
40.542725,40.198722175825445
40.399094,39.928521143425904
33.606369,35.15399646740047
33.606369,35.889992503805004
37.464542,38.20404618473968
38.379086,38.26122824609185
38.379086,38.340615453017314
38.786362,37.947606098708704
39.824551,38.31388460782461
40.23909,38.970271217609955
40.23909,39.80756769028926
40.422726,39.83352867339876
33.606369,35.15399646740047
33.606369,36.600943792060185
36.342728,37.39768424786372
37.637272,37.58058316077124
38.379086,39.3529880200291
38.786362,38.982918688023815
38.786362,37.7041965866257
39.482727,38.95927441069371
40.23909,38.66298177360004
40.422726,39.88621302606205
34.366367,37.64440327802105
34.366367,37.65384688760183
36.342728,37.708027096215204
37.637272,40.56783433950592
37.637272,40.60921817519118
38.222729,38.43736466085039
38.786362,38.97686632691712
39.482727,38.40888418353511
39.482727,39.39866690198439
40.033634,39.53189785263164
34.366367,38.94508969161651
36.311821,38.815131738759355
36.311821,38.72250085728462
37.309998,38.920168556859174
37.637272,40.74016763924587
38.222729,37.649117270997515
38.222729,39.34583066790864
39.408184,39.27005902545397
39.408184,40.37653892798964
40.033634,39.75847080678904
36.931816,38.69597393356215
37.031815,38.12147639055369
36.311821,37.56522053581468
37.309998,37.85822528550981
37.309998,38.60616507814866
38.033634,37.49657210280228
38.033634,38.20288304376115
39.408184,39.975383161917925
39.408184,40.782996356305816
39.97728,40.475666254945054
36.931816,39.487425305672176
37.031815,38.83146202614582
37.031815,37.97305988190794
37.202728,38.84829982708729
37.202728,38.63168659070601
38.033634,38.12240214278925
38.033634,37.63754080928643
39.842728,39.72189414134964
39.842728,40.77234007220696
39.97728,40.66289182426032
38.530003,39.20331885505892
37.560909,39.06944183546204
37.560909,38.42458910357444
37.202728,38.19884707796549
37.202728,38.482164335434106
38.25182,37.822929217211524
38.25182,37.56206748585498
39.842728,39.14072209222631
39.842728,39.0915939778192
40.262722,38.53720481801391
37.342728,37.118483131837756
37.342728,37.50109974021869
37.340908,37.68437886232536
37.340908,38.435259790578705
38.146358,38.06350214172284
38.373638,37.926590377294986
38.373638,38.527677638917446
37.831821,38.405109169137695
39.050003,40.76244962189083
37.560909,38.83107435622954
37.560909,38.42311646933114
37.677273,38.1420957948694
37.677273,38.17883639908355
38.25182,38.58356547180973
38.25182,37.6771753441346
39.766361,39.391775559261696
39.766361,39.1805441077572
40.262722,39.68319602833406
37.668179,38.779722825094396
37.668179,38.42032408705694
37.462723,38.47053264589753
37.340908,37.79311043604703
38.146358,37.93607890104725
37.984543,38.638306297989416
37.984543,38.262323428027216
37.831821,37.60707993004002
37.831821,37.33956097360591
39.050003,40.656681460464256
37.790001,38.004029930853996
37.790001,38.64187875479574
37.677273,38.89363091579593
37.677273,39.29858913191635
38.404545,39.21580417576323
38.404545,37.687163257816216
39.766361,37.6878942231107
39.766361,40.09718587111771
39.72818,38.3071560860443
38.808178,39.5739490506455
37.668179,38.874877136603565
37.462723,38.2587988450003
37.462723,38.261077119244
37.477268,37.774159397711514
37.984543,37.29628848700414
37.984543,37.3201321871758
37.59,37.369289322844054
37.59,37.01005359860989
38.213638,37.628824017836045
39.106358,39.485509196110556
37.790001,38.48805288787719
37.790001,38.56111827654979
37.753639,38.00454495446183
37.753639,38.79083508229109
38.404545,38.23811506280715
38.404545,38.256130327491675
39.173634,38.30071655168435
39.173634,40.0015568837737
38.855453,38.08239374595849
38.808178,39.87479550947502
38.808178,38.822150534024274
37.551815,37.738599241291205
37.462723,37.9743239304
37.477268,37.818254807328486
37.350002,37.31976382702021
37.350002,37.38472589181786
37.262726,37.206227942415744
37.59,37.24310126087522
38.213638,37.47735835739425
39.106358,39.26481496183814
37.757271,38.799508267003965
37.757271,38.761870726346245
37.753639,37.7381436109282
37.753639,37.74845787644293
37.811817,38.21790671768524
37.811817,38.00584139668423
38.21727,38.54305332781436
39.173634,37.52807109912563
38.855453,37.87606727199411
38.857273,39.03956316497256
38.808178,38.130082981189844
37.551815,38.14440894027018
37.551815,38.04477685207286
37.257271,37.96678018534872
37.03727,36.95613152531021
37.350002,37.247036710181476
37.262726,37.13168049335618
37.262726,37.27724712043555
39.122726,39.38782400667822
37.757271,38.87237801571409
37.757271,38.72259003772696
37.546364,38.154700017174996
37.546364,38.350941705773
37.637272,38.059927244206264
37.811817,38.31742798633933
38.21727,38.5544867707
38.21727,38.20213917697147
37.820908,38.10524016210361
38.857273,39.30937403945802
38.857273,38.36701593830462
37.666363,38.71124792470185
37.551815,37.902186300698915
37.257271,37.854374921034896
37.03727,36.887746291965726
37.03727,36.836079216808656
37.162724,36.9680647800031
37.262726,37.21499385931333
39.122726,40.031655275471934
37.991817,38.4024618778058
37.991817,38.55675914331698
37.726364,38.79437737223489
37.546364,38.807266333345275
37.637272,37.76959502050903
37.637272,37.798776178526175
37.730003,38.50000179825399
38.21727,38.23276096235466
37.820908,38.98052758232945
38.600906,38.20948135717352
38.857273,38.91134977888496
37.666363,39.33572854368084
37.666363,37.522269137923004
36.955452,37.525000662911474
36.891819,37.9355298422213
37.03727,38.111934234604576
37.162724,38.275692438105075
37.162724,38.36935851739742
37.846367,38.30607359882802
39.406364,40.53304160779306
38.248184,38.342496260564225
37.991817,38.51316848555604
37.726364,38.76137578887348
37.726364,38.72883249974093
37.611816,37.74182484662333
37.637272,37.90026582406861
37.730003,38.42545561981394
37.730003,38.168838368505604
37.422726,38.910024975599725
38.600906,39.199425375445415
38.600906,39.207685073052005
37.784542,39.96215408093615
37.784542,38.0025431626595
36.955452,38.05238401655199
36.891819,37.83858026659789
36.891819,37.64085598178828
37.106361,38.341031201088825
37.162724,38.11602520004694
37.846367,37.671800728836565
39.406364,40.54922320667166
38.248184,39.574302128051656
38.248184,39.55012558875278
37.982723,38.83124432080217
37.726364,38.48605089669613
37.611816,38.89124500210162
37.611816,39.358087582293656
37.620907,38.62989119890824
37.730003,38.86336826200215
37.422726,38.404421850076275
37.924541,38.05827586461967
37.924541,38.13863615931541
37.784542,38.07225211603586
37.784542,38.02044040391306
37.155453,37.74541069214718
37.39909,37.693298716593624
36.891819,37.7576669800697
37.106361,37.80731739318831
37.106361,37.68824600134656
37.560905,36.726642228673896
39.046364,39.24960588734229
38.186363,39.0895569958173
38.248184,39.3264907263856
37.982723,38.77931219110312
37.982723,38.74558107461823
37.777271,38.64831547754134
37.611816,39.082471924719336
37.620907,38.51369984128261
37.620907,38.13047127761725
37.651817,38.91787332967399
37.924541,37.914788187102765
37.924541,37.811388184918684
37.489998,37.808611866140765
37.489998,37.505070988076234
37.155453,37.722429640830704
37.39909,38.28001648102668
37.428177,37.53216276876988
37.428177,37.84959460528244
37.560905,37.02533773571154
39.046364,37.55367239475653
38.186363,39.9249970685178
38.186363,39.29110895495727
38.117275,38.21662494237558
37.982723,38.31798828598216
37.777271,38.86928885087506
37.777271,38.54979989507615
37.859093,39.19385589972704
37.859093,39.08222196385425
37.651817,38.72264712901959
37.23727,37.93324100858796
37.23727,37.58533943430146
37.489998,37.85923663795418
37.489998,38.17356791751846
37.428177,37.16290093743808
37.619087,37.9300788767768
38.18454,36.521052661573734
37.988186,39.23244755327383
38.186363,38.77203559052111
38.117275,38.17863431730425
38.117275,38.21209031738156
38.004551,38.88506810847834
38.004551,38.339325671273926
37.859093,38.74488657561676
37.859093,38.83856124325088
37.949997,39.08097508593264
37.23727,37.19604445165243
37.23727,37.685906922451615
37.459091,37.74569989903237
37.459091,38.07983196679387
43.20636,41.334129627520106
42.815456,41.837630105905625
42.815456,41.5471343580093
41.644543,39.47578038382998
41.73909,39.50984874983892
41.453636,38.96595136895936
41.453636,39.53757548542359
40.933636,39.87961318747351
40.933636,39.81779279991268
39.788177,39.5123249278786
39.175449,39.41925327707651
39.175449,39.75058597896761
38.859097,39.363415932374274
38.369999,38.332413666947325
38.369999,39.77002094554929
38.848179,39.67077491846007
38.184547,40.01493769843327
39.04636,40.62530562923086
39.04636,40.49171831083083
40.424545,39.844139745601524
42.815456,41.33925531105866
41.644543,39.96709554412941
41.644543,39.92428878289961
41.060909,39.64767123835313
41.060909,38.708746981230156
40.933636,38.80112296608526
40.933636,40.20380050273798
39.271816,39.516859530196896
39.175449,39.50078949942621
39.175449,39.57648356508468
39.746365,40.05796562475229
38.824547,39.18238549386003
38.369999,40.60896884752104
38.848179,39.91378009482071
38.848179,39.30259746494974
39.91909,40.48229493846117
39.91909,40.464091130087894
40.424545,39.752090504071965
41.060909,40.586514459460886
41.060909,40.25060910447614
40.309998,39.93425104886271
40.309998,39.597930288539025
39.271816,38.80067503711759
39.391819,38.98555989228813
39.391819,38.316695377772724
39.746365,39.11976270844685
38.824547,38.184495994282116
38.824547,41.22951948394718
39.671818,40.75590284113132
39.671818,40.61493613764537
39.91909,40.52986882232334
39.91909,40.926723742614804
40.268181,40.695543122419416
40.777271,40.20049933322056
40.777271,40.11426894077306
40.309998,40.76636375410877
40.309998,39.88953052107853
38.919094,39.146890815830254
39.391819,39.069240607754324
39.391819,37.80241018968915
40.310001,40.64108156179009
40.310001,40.77212372347885
40.268181,39.83745280501493
40.777271,39.688975498064195
40.777271,40.45092111173525
39.482723,39.29465499774707
39.482723,38.960616881422574
38.919094,38.98824062254786
38.789997,37.82058120544192
39.951817,39.38918979511596
40.435455,38.97384396126705
40.435455,38.713045263933154
39.482723,38.831098308131075
39.482723,38.708089129139964
38.651817,38.95521875219682
39.951817,38.424865514188866
40.435455,38.45830648520105
40.435455,38.755468819478445
38.773636,39.154277120733774
38.773636,37.3439865927892
38.477268,37.601209598914245
40.166363,39.774291616904655
39.469997,39.68059810064182
39.469997,38.75740052699254
38.233635,37.52782031205148
38.773636,38.86482616836987
38.477268,38.37183041280086
41.022724,41.10164313513321
40.755447,40.29068059781943
38.233635,39.27574927657804
38.233635,38.648509550841624
38.433628,38.211957015164735
41.022724,40.47829075877711
40.755447,41.103117565376245
